Instance,Terminal,Layer,X location,Y location,Voltage
FILLER_24_141,VGND,li1,71.7600,76.1600,0.000247
FILLER_24_137,VGND,li1,69.2300,76.1600,0.000247
FILLER_24_125,VGND,li1,65.7800,76.1600,0.000242
FILLER_24_109,VGND,li1,56.3500,76.1600,0.000223
FILLER_24_89,VGND,li1,46.6900,76.1600,0.000201
FILLER_24_85,VGND,li1,45.5400,76.1600,0.000201
FILLER_24_77,VGND,li1,41.6300,76.1600,0.000190
FILLER_24_71,VGND,li1,38.6400,76.1600,0.000182
FILLER_24_57,VGND,li1,32.2000,76.1600,0.000149
FILLER_24_42,VGND,li1,25.3000,76.1600,0.000101
FILLER_24_37,VGND,li1,22.7700,76.1600,0.000106
FILLER_24_29,VGND,li1,20.7000,76.1600,0.000107
FILLER_24_27,VGND,li1,18.1700,76.1600,0.000108
FILLER_24_15,VGND,li1,15.1800,76.1600,0.000108
FILLER_24_3,VGND,li1,9.6600,76.1600,0.000108
FILLER_23_146,VGND,li1,72.9100,76.1600,0.000247
FILLER_23_140,VGND,li1,71.3000,76.1600,0.000247
FILLER_23_121,VGND,li1,63.9400,76.1600,0.000238
FILLER_23_109,VGND,li1,56.3500,76.1600,0.000223
FILLER_23_92,VGND,li1,48.0700,76.1600,0.000206
FILLER_23_86,VGND,li1,46.4600,76.1600,0.000201
FILLER_23_77,VGND,li1,41.1700,76.1600,0.000190
FILLER_23_66,VGND,li1,36.3400,76.1600,0.000172
FILLER_23_50,VGND,li1,29.9000,76.1600,0.000135
FILLER_23_44,VGND,li1,25.9900,76.1600,0.000101
FILLER_23_29,VGND,li1,19.0900,76.1600,0.000107
FILLER_23_21,VGND,li1,15.4100,76.1600,0.000108
FILLER_23_15,VGND,li1,13.8000,76.1600,0.000108
FILLER_23_3,VGND,li1,9.6600,76.1600,0.000108
FILLER_22_141,VGND,li1,71.7600,70.7200,0.000330
FILLER_22_118,VGND,li1,60.0300,70.7200,0.000306
FILLER_22_114,VGND,li1,58.8800,70.7200,0.000306
FILLER_22_85,VGND,li1,45.3100,70.7200,0.000247
FILLER_22_43,VGND,li1,25.5300,70.7200,0.000120
FILLER_22_29,VGND,li1,19.5500,70.7200,0.000136
FILLER_22_7,VGND,li1,8.9700,70.7200,0.000146
FILLER_22_3,VGND,li1,7.8200,70.7200,0.000146
FILLER_21_142,VGND,li1,71.0700,70.7200,0.000330
FILLER_21_113,VGND,li1,59.3400,70.7200,0.000306
FILLER_21_94,VGND,li1,49.2200,70.7200,0.000270
FILLER_21_35,VGND,li1,21.8500,70.7200,0.000130
FILLER_21_3,VGND,li1,7.5900,70.7200,0.000146
FILLER_20_141,VGND,li1,70.8400,65.2800,0.000284
FILLER_20_117,VGND,li1,59.8000,65.2800,0.000261
FILLER_20_105,VGND,li1,56.5800,65.2800,0.000254
FILLER_20_93,VGND,li1,51.0600,65.2800,0.000238
FILLER_20_83,VGND,li1,43.9300,65.2800,0.000217
FILLER_20_79,VGND,li1,42.7800,65.2800,0.000205
FILLER_20_57,VGND,li1,32.2000,65.2800,0.000158
FILLER_20_23,VGND,li1,16.5600,65.2800,0.000135
FILLER_19_146,VGND,li1,72.9100,65.2800,0.000286
FILLER_19_113,VGND,li1,58.8800,65.2800,0.000261
FILLER_19_109,VGND,li1,56.3500,65.2800,0.000254
FILLER_19_97,VGND,li1,52.9000,65.2800,0.000244
FILLER_19_76,VGND,li1,41.4000,65.2800,0.000205
FILLER_19_35,VGND,li1,22.0800,65.2800,0.000122
FILLER_19_7,VGND,li1,8.9700,65.2800,0.000151
FILLER_18_141,VGND,li1,70.8400,59.8400,0.000441
FILLER_18_82,VGND,li1,43.7000,59.8400,0.000347
FILLER_18_74,VGND,li1,41.4000,59.8400,0.000322
FILLER_18_62,VGND,li1,36.8000,59.8400,0.000295
FILLER_18_29,VGND,li1,19.5500,59.8400,0.000211
FILLER_18_23,VGND,li1,16.5600,59.8400,0.000227
FILLER_17_145,VGND,li1,72.6800,59.8400,0.000443
FILLER_17_119,VGND,li1,60.9500,59.8400,0.000425
FILLER_17_106,VGND,li1,55.6600,59.8400,0.000411
FILLER_17_81,VGND,li1,43.0100,59.8400,0.000347
FILLER_17_75,VGND,li1,41.4000,59.8400,0.000322
FILLER_17_63,VGND,li1,37.2600,59.8400,0.000295
FILLER_17_32,VGND,li1,21.1600,59.8400,0.000211
FILLER_17_7,VGND,li1,9.6600,59.8400,0.000236
FILLER_16_141,VGND,li1,70.8400,54.4000,0.000251
FILLER_16_139,VGND,li1,69.6900,54.4000,0.000251
FILLER_16_78,VGND,li1,42.7800,54.4000,0.000177
FILLER_16_66,VGND,li1,38.6400,54.4000,0.000161
FILLER_16_54,VGND,li1,33.1200,54.4000,0.000136
FILLER_16_29,VGND,li1,19.7800,54.4000,0.000102
FILLER_16_19,VGND,li1,14.4900,54.4000,0.000103
FILLER_16_15,VGND,li1,13.3400,54.4000,0.000103
FILLER_16_3,VGND,li1,9.6600,54.4000,0.000103
FILLER_15_139,VGND,li1,69.9200,54.4000,0.000251
FILLER_15_131,VGND,li1,67.6200,54.4000,0.000249
FILLER_15_108,VGND,li1,55.4300,54.4000,0.000219
FILLER_15_104,VGND,li1,54.2800,54.4000,0.000219
FILLER_15_97,VGND,li1,50.3700,54.4000,0.000201
FILLER_15_91,VGND,li1,48.7600,54.4000,0.000201
FILLER_15_52,VGND,li1,30.3600,54.4000,0.000122
FILLER_15_23,VGND,li1,16.3300,54.4000,0.000103
FILLER_15_15,VGND,li1,14.2600,54.4000,0.000103
FILLER_15_3,VGND,li1,9.6600,54.4000,0.000103
FILLER_14_141,VGND,li1,70.8400,48.9600,0.000267
FILLER_14_139,VGND,li1,69.6900,48.9600,0.000266
FILLER_14_109,VGND,li1,55.8900,48.9600,0.000231
FILLER_14_97,VGND,li1,52.9000,48.9600,0.000217
FILLER_14_85,VGND,li1,47.3800,48.9600,0.000195
FILLER_14_83,VGND,li1,43.9300,48.9600,0.000183
FILLER_14_79,VGND,li1,42.7800,48.9600,0.000183
FILLER_14_49,VGND,li1,28.9800,48.9600,0.000107
FILLER_14_41,VGND,li1,25.0700,48.9600,0.000080
FILLER_14_29,VGND,li1,21.6200,48.9600,0.000084
FILLER_14_27,VGND,li1,18.1700,48.9600,0.000088
FILLER_14_15,VGND,li1,15.1800,48.9600,0.000090
FILLER_14_3,VGND,li1,9.6600,48.9600,0.000096
FILLER_13_145,VGND,li1,72.6800,48.9600,0.000269
FILLER_13_127,VGND,li1,64.1700,48.9600,0.000259
FILLER_13_109,VGND,li1,56.3500,48.9600,0.000231
FILLER_13_94,VGND,li1,51.5200,48.9600,0.000217
FILLER_13_82,VGND,li1,46.0000,48.9600,0.000195
FILLER_13_57,VGND,li1,32.4300,48.9600,0.000120
FILLER_13_55,VGND,li1,31.0500,48.9600,0.000120
FILLER_13_43,VGND,li1,28.0600,48.9600,0.000093
FILLER_13_31,VGND,li1,22.5400,48.9600,0.000084
FILLER_13_19,VGND,li1,17.0200,48.9600,0.000088
FILLER_13_7,VGND,li1,11.5000,48.9600,0.000094
FILLER_12_141,VGND,li1,71.0700,43.5200,0.000348
FILLER_12_119,VGND,li1,60.4900,43.5200,0.000336
FILLER_12_90,VGND,li1,48.3000,43.5200,0.000305
FILLER_12_83,VGND,li1,43.9300,43.5200,0.000289
FILLER_12_67,VGND,li1,36.5700,43.5200,0.000240
FILLER_12_56,VGND,li1,31.5100,43.5200,0.000186
FILLER_12_49,VGND,li1,28.7500,43.5200,0.000167
FILLER_12_20,VGND,li1,16.5600,43.5200,0.000158
FILLER_12_3,VGND,li1,7.3600,43.5200,0.000168
FILLER_11_117,VGND,li1,59.5700,43.5200,0.000330
FILLER_11_113,VGND,li1,58.4200,43.5200,0.000330
FILLER_11_111,VGND,li1,56.8100,43.5200,0.000323
FILLER_11_107,VGND,li1,55.6600,43.5200,0.000323
FILLER_11_57,VGND,li1,31.9700,43.5200,0.000207
FILLER_11_48,VGND,li1,28.0600,43.5200,0.000167
FILLER_11_40,VGND,li1,25.7600,43.5200,0.000137
FILLER_11_31,VGND,li1,20.0100,43.5200,0.000155
FILLER_11_23,VGND,li1,16.5600,43.5200,0.000158
FILLER_10_141,VGND,li1,71.0700,38.0800,0.000309
FILLER_10_138,VGND,li1,69.4600,38.0800,0.000309
FILLER_10_117,VGND,li1,59.5700,38.0800,0.000296
FILLER_10_105,VGND,li1,56.5800,38.0800,0.000291
FILLER_10_29,VGND,li1,19.3200,38.0800,0.000133
FILLER_10_24,VGND,li1,17.4800,38.0800,0.000137
FILLER_10_3,VGND,li1,7.1300,38.0800,0.000142
FILLER_9_146,VGND,li1,72.9100,38.0800,0.000309
FILLER_9_140,VGND,li1,71.3000,38.0800,0.000309
FILLER_9_119,VGND,li1,60.4900,38.0800,0.000296
FILLER_9_113,VGND,li1,58.8800,38.0800,0.000296
FILLER_9_111,VGND,li1,56.8100,38.0800,0.000291
FILLER_9_103,VGND,li1,54.7400,38.0800,0.000287
FILLER_9_91,VGND,li1,50.1400,38.0800,0.000275
FILLER_9_46,VGND,li1,26.9100,38.0800,0.000144
FILLER_9_15,VGND,li1,13.1100,38.0800,0.000142
FILLER_9_3,VGND,li1,9.6600,38.0800,0.000142
FILLER_8_145,VGND,li1,72.6800,32.6400,0.000436
FILLER_8_139,VGND,li1,69.6900,32.6400,0.000436
FILLER_8_127,VGND,li1,66.7000,32.6400,0.000434
FILLER_8_107,VGND,li1,56.1200,32.6400,0.000425
FILLER_8_91,VGND,li1,48.7600,32.6400,0.000405
FILLER_8_82,VGND,li1,43.7000,32.6400,0.000366
FILLER_8_48,VGND,li1,28.0600,32.6400,0.000213
FILLER_8_40,VGND,li1,25.7600,32.6400,0.000169
FILLER_8_29,VGND,li1,20.2400,32.6400,0.000170
FILLER_8_26,VGND,li1,17.9400,32.6400,0.000171
FILLER_8_15,VGND,li1,13.3400,32.6400,0.000172
FILLER_8_3,VGND,li1,9.6600,32.6400,0.000172
FILLER_7_135,VGND,li1,67.8500,32.6400,0.000435
FILLER_7_121,VGND,li1,61.4100,32.6400,0.000430
FILLER_7_35,VGND,li1,21.8500,32.6400,0.000170
FILLER_7_27,VGND,li1,19.7800,32.6400,0.000170
FILLER_7_15,VGND,li1,15.1800,32.6400,0.000172
FILLER_7_3,VGND,li1,9.6600,32.6400,0.000172
FILLER_6_141,VGND,li1,70.8400,27.2000,0.000287
FILLER_6_139,VGND,li1,69.6900,27.2000,0.000285
FILLER_6_61,VGND,li1,34.2700,27.2000,0.000135
FILLER_6_53,VGND,li1,31.7400,27.2000,0.000117
FILLER_6_41,VGND,li1,27.1400,27.2000,0.000085
FILLER_6_29,VGND,li1,21.6200,27.2000,0.000071
FILLER_6_27,VGND,li1,18.1700,27.2000,0.000071
FILLER_6_15,VGND,li1,15.1800,27.2000,0.000071
FILLER_6_3,VGND,li1,9.6600,27.2000,0.000071
FILLER_5_146,VGND,li1,72.9100,27.2000,0.000289
FILLER_5_109,VGND,li1,56.3500,27.2000,0.000252
FILLER_5_95,VGND,li1,49.6800,27.2000,0.000223
FILLER_5_73,VGND,li1,39.3300,27.2000,0.000163
FILLER_5_69,VGND,li1,38.1800,27.2000,0.000163
FILLER_5_57,VGND,li1,34.5000,27.2000,0.000135
FILLER_5_55,VGND,li1,31.0500,27.2000,0.000104
FILLER_5_51,VGND,li1,29.9000,27.2000,0.000104
FILLER_5_39,VGND,li1,26.2200,27.2000,0.000071
FILLER_5_27,VGND,li1,20.7000,27.2000,0.000071
FILLER_5_15,VGND,li1,15.1800,27.2000,0.000071
FILLER_5_3,VGND,li1,9.6600,27.2000,0.000071
FILLER_4_130,VGND,li1,65.5500,21.7600,0.000099
FILLER_4_101,VGND,li1,52.2100,21.7600,0.000084
FILLER_4_97,VGND,li1,51.0600,21.7600,0.000084
FILLER_4_85,VGND,li1,47.3800,21.7600,0.000079
FILLER_4_53,VGND,li1,30.5900,21.7600,0.000042
FILLER_4_41,VGND,li1,27.1400,21.7600,0.000034
FILLER_4_29,VGND,li1,21.6200,21.7600,0.000029
FILLER_4_27,VGND,li1,18.1700,21.7600,0.000029
FILLER_4_15,VGND,li1,15.1800,21.7600,0.000029
FILLER_4_3,VGND,li1,9.6600,21.7600,0.000029
FILLER_3_103,VGND,li1,53.1300,21.7600,0.000087
FILLER_3_97,VGND,li1,51.5200,21.7600,0.000084
FILLER_3_75,VGND,li1,40.2500,21.7600,0.000066
FILLER_3_57,VGND,li1,32.4300,21.7600,0.000049
FILLER_3_55,VGND,li1,31.0500,21.7600,0.000042
FILLER_3_51,VGND,li1,29.9000,21.7600,0.000042
FILLER_3_39,VGND,li1,26.2200,21.7600,0.000029
FILLER_3_27,VGND,li1,20.7000,21.7600,0.000029
FILLER_3_15,VGND,li1,15.1800,21.7600,0.000029
FILLER_3_3,VGND,li1,9.6600,21.7600,0.000029
FILLER_2_138,VGND,li1,69.4600,16.3200,0.000162
FILLER_2_94,VGND,li1,49.6800,16.3200,0.000132
FILLER_2_41,VGND,li1,25.0700,16.3200,0.000045
FILLER_2_29,VGND,li1,21.6200,16.3200,0.000045
FILLER_2_27,VGND,li1,18.1700,16.3200,0.000045
FILLER_2_15,VGND,li1,15.1800,16.3200,0.000045
FILLER_2_3,VGND,li1,9.6600,16.3200,0.000045
FILLER_1_146,VGND,li1,72.9100,16.3200,0.000162
FILLER_1_125,VGND,li1,63.2500,16.3200,0.000156
FILLER_1_102,VGND,li1,52.6700,16.3200,0.000139
FILLER_1_69,VGND,li1,37.7200,16.3200,0.000097
FILLER_1_57,VGND,li1,32.4300,16.3200,0.000077
FILLER_1_55,VGND,li1,31.0500,16.3200,0.000067
FILLER_1_51,VGND,li1,29.9000,16.3200,0.000067
FILLER_1_39,VGND,li1,26.2200,16.3200,0.000045
FILLER_1_27,VGND,li1,20.7000,16.3200,0.000045
FILLER_1_15,VGND,li1,15.1800,16.3200,0.000045
FILLER_1_3,VGND,li1,9.6600,16.3200,0.000045
FILLER_0_118,VGND,li1,60.2600,10.8800,0.000050
FILLER_0_113,VGND,li1,57.9600,10.8800,0.000048
FILLER_0_111,VGND,li1,56.8100,10.8800,0.000048
FILLER_0_107,VGND,li1,54.9700,10.8800,0.000046
FILLER_0_103,VGND,li1,53.8200,10.8800,0.000044
FILLER_0_93,VGND,li1,48.5300,10.8800,0.000041
FILLER_0_83,VGND,li1,43.9300,10.8800,0.000036
FILLER_0_72,VGND,li1,39.1000,10.8800,0.000030
FILLER_0_57,VGND,li1,31.9700,10.8800,0.000020
FILLER_0_53,VGND,li1,30.5900,10.8800,0.000020
FILLER_0_41,VGND,li1,27.1400,10.8800,0.000015
FILLER_0_29,VGND,li1,21.6200,10.8800,0.000013
FILLER_0_27,VGND,li1,18.1700,10.8800,0.000013
FILLER_0_15,VGND,li1,15.1800,10.8800,0.000013
FILLER_0_3,VGND,li1,9.6600,10.8800,0.000013
hold32,VGND,li1,22.0800,43.5200,0.000147
hold31,VGND,li1,39.5600,32.6400,0.000348
hold30,VGND,li1,59.3400,32.6400,0.000428
hold29,VGND,li1,23.4600,70.7200,0.000130
hold28,VGND,li1,55.2000,21.7600,0.000090
hold27,VGND,li1,46.0000,32.6400,0.000379
hold26,VGND,li1,63.9400,43.5200,0.000342
hold25,VGND,li1,61.6400,43.5200,0.000336
hold24,VGND,li1,42.3200,38.0800,0.000249
hold23,VGND,li1,42.7800,54.4000,0.000177
hold22,VGND,li1,50.1400,76.1600,0.000210
hold21,VGND,li1,53.8200,76.1600,0.000218
hold20,VGND,li1,55.6600,59.8400,0.000411
hold19,VGND,li1,34.5000,76.1600,0.000162
hold18,VGND,li1,46.4600,65.2800,0.000225
hold17,VGND,li1,69.9200,32.6400,0.000436
hold16,VGND,li1,37.7200,70.7200,0.000211
hold15,VGND,li1,36.8000,10.8800,0.000028
hold14,VGND,li1,55.6600,21.7600,0.000090
hold13,VGND,li1,61.6400,27.2000,0.000269
hold12,VGND,li1,24.8400,38.0800,0.000123
hold11,VGND,li1,50.6000,16.3200,0.000132
hold10,VGND,li1,18.4000,65.2800,0.000130
hold9,VGND,li1,46.4600,10.8800,0.000038
hold8,VGND,li1,43.2400,76.1600,0.000196
hold7,VGND,li1,42.3200,21.7600,0.000071
hold6,VGND,li1,63.4800,21.7600,0.000098
hold5,VGND,li1,11.0400,65.2800,0.000149
hold4,VGND,li1,42.7800,38.0800,0.000249
hold3,VGND,li1,53.8200,76.1600,0.000218
hold2,VGND,li1,59.3400,76.1600,0.000227
hold1,VGND,li1,12.8800,43.5200,0.000167
clkload2,VGND,li1,44.8500,65.2800,0.000217
clkload1,VGND,li1,27.1400,65.2800,0.000128
clkload0,VGND,li1,37.2600,32.6400,0.000331
clkbuf_2_3__f_i_Clk,VGND,li1,49.2200,59.8400,0.000390
clkbuf_2_2__f_i_Clk,VGND,li1,26.6800,59.8400,0.000189
clkbuf_2_1__f_i_Clk,VGND,li1,52.4400,32.6400,0.000419
clkbuf_2_0__f_i_Clk,VGND,li1,33.1200,32.6400,0.000267
clkbuf_0_i_Clk,VGND,li1,39.5600,43.5200,0.000269
fanout43,VGND,li1,72.2200,21.7600,0.000101
fanout42,VGND,li1,71.7600,16.3200,0.000162
fanout41,VGND,li1,71.3000,32.6400,0.000436
fanout40,VGND,li1,71.7600,10.8800,0.000056
fanout39,VGND,li1,34.5000,21.7600,0.000055
fanout38,VGND,li1,46.0000,54.4000,0.000190
fanout37,VGND,li1,71.7600,21.7600,0.000100
fanout36,VGND,li1,50.1400,10.8800,0.000041
max_cap35,VGND,li1,42.5500,48.9600,0.000175
max_cap34,VGND,li1,35.4200,43.5200,0.000240
output33,VGND,li1,72.2200,48.9600,0.000269
output32,VGND,li1,72.2200,27.2000,0.000289
output31,VGND,li1,7.8200,48.9600,0.000099
output30,VGND,li1,72.2200,54.4000,0.000253
output29,VGND,li1,72.2200,59.8400,0.000443
output28,VGND,li1,72.2200,65.2800,0.000286
output27,VGND,li1,72.2200,70.7200,0.000332
output26,VGND,li1,47.8400,76.1600,0.000206
output25,VGND,li1,62.1000,76.1600,0.000235
output24,VGND,li1,60.2600,76.1600,0.000231
output23,VGND,li1,37.2600,76.1600,0.000172
output22,VGND,li1,23.9200,76.1600,0.000106
output21,VGND,li1,26.6800,76.1600,0.000101
output20,VGND,li1,30.3600,76.1600,0.000135
output19,VGND,li1,40.0200,76.1600,0.000182
output18,VGND,li1,7.8200,65.2800,0.000154
output17,VGND,li1,7.8200,59.8400,0.000240
output16,VGND,li1,43.2400,76.1600,0.000196
input15,VGND,li1,66.9300,32.6400,0.000434
input14,VGND,li1,72.4500,43.5200,0.000349
input13,VGND,li1,72.4500,38.0800,0.000309
input12,VGND,li1,59.1100,10.8800,0.000050
input11,VGND,li1,55.8900,10.8800,0.000046
input10,VGND,li1,62.3300,16.3200,0.000156
input9,VGND,li1,72.4500,32.6400,0.000436
input8,VGND,li1,34.2700,10.8800,0.000023
input7,VGND,li1,32.8900,10.8800,0.000023
input6,VGND,li1,38.8700,16.3200,0.000097
input5,VGND,li1,52.2100,10.8800,0.000044
input4,VGND,li1,72.4500,54.4000,0.000253
input3,VGND,li1,71.0700,54.4000,0.000251
input2,VGND,li1,28.5200,76.1600,0.000117
input1,VGND,li1,65.5500,32.6400,0.000434
TAP_TAPCELL_ROW_24_116,VGND,li1,70.1500,76.4510,0.000247
TAP_TAPCELL_ROW_24_115,VGND,li1,57.2700,76.4510,0.000223
TAP_TAPCELL_ROW_24_114,VGND,li1,44.3900,76.4510,0.000196
TAP_TAPCELL_ROW_24_113,VGND,li1,31.5100,76.4510,0.000135
TAP_TAPCELL_ROW_24_112,VGND,li1,18.6300,76.4510,0.000108
TAP_TAPCELL_ROW_23_111,VGND,li1,57.2700,75.8680,0.000223
TAP_TAPCELL_ROW_23_110,VGND,li1,31.5100,75.8680,0.000135
TAP_TAPCELL_ROW_22_109,VGND,li1,70.1500,71.0110,0.000330
TAP_TAPCELL_ROW_22_108,VGND,li1,44.3900,71.0110,0.000247
TAP_TAPCELL_ROW_22_107,VGND,li1,18.6300,71.0110,0.000142
TAP_TAPCELL_ROW_21_106,VGND,li1,57.2700,70.4280,0.000299
TAP_TAPCELL_ROW_21_105,VGND,li1,31.5100,70.4280,0.000161
TAP_TAPCELL_ROW_20_104,VGND,li1,70.1500,65.5710,0.000284
TAP_TAPCELL_ROW_20_103,VGND,li1,44.3900,65.5710,0.000217
TAP_TAPCELL_ROW_20_102,VGND,li1,18.6300,65.5710,0.000130
TAP_TAPCELL_ROW_19_101,VGND,li1,57.2700,64.9880,0.000254
TAP_TAPCELL_ROW_19_100,VGND,li1,31.5100,64.9880,0.000144
TAP_TAPCELL_ROW_18_99,VGND,li1,70.1500,60.1310,0.000441
TAP_TAPCELL_ROW_18_98,VGND,li1,44.3900,60.1310,0.000347
TAP_TAPCELL_ROW_18_97,VGND,li1,18.6300,60.1310,0.000218
TAP_TAPCELL_ROW_17_96,VGND,li1,57.2700,59.5480,0.000411
TAP_TAPCELL_ROW_17_95,VGND,li1,31.5100,59.5480,0.000238
TAP_TAPCELL_ROW_16_94,VGND,li1,70.1500,54.6910,0.000251
TAP_TAPCELL_ROW_16_93,VGND,li1,44.3900,54.6910,0.000177
TAP_TAPCELL_ROW_16_92,VGND,li1,18.6300,54.6910,0.000102
TAP_TAPCELL_ROW_15_91,VGND,li1,57.2700,54.1080,0.000225
TAP_TAPCELL_ROW_15_90,VGND,li1,31.5100,54.1080,0.000122
TAP_TAPCELL_ROW_14_89,VGND,li1,70.1500,49.2510,0.000267
TAP_TAPCELL_ROW_14_88,VGND,li1,44.3900,49.2510,0.000183
TAP_TAPCELL_ROW_14_87,VGND,li1,18.6300,49.2510,0.000088
TAP_TAPCELL_ROW_13_86,VGND,li1,57.2700,48.6680,0.000240
TAP_TAPCELL_ROW_13_85,VGND,li1,31.5100,48.6680,0.000120
TAP_TAPCELL_ROW_12_84,VGND,li1,70.1500,43.8110,0.000348
TAP_TAPCELL_ROW_12_83,VGND,li1,44.3900,43.8110,0.000289
TAP_TAPCELL_ROW_12_82,VGND,li1,18.6300,43.8110,0.000155
TAP_TAPCELL_ROW_11_81,VGND,li1,57.2700,43.2280,0.000323
TAP_TAPCELL_ROW_11_80,VGND,li1,31.5100,43.2280,0.000186
TAP_TAPCELL_ROW_10_79,VGND,li1,70.1500,38.3710,0.000309
TAP_TAPCELL_ROW_10_78,VGND,li1,44.3900,38.3710,0.000257
TAP_TAPCELL_ROW_10_77,VGND,li1,18.6300,38.3710,0.000137
TAP_TAPCELL_ROW_9_76,VGND,li1,57.2700,37.7880,0.000291
TAP_TAPCELL_ROW_9_75,VGND,li1,31.5100,37.7880,0.000169
TAP_TAPCELL_ROW_8_74,VGND,li1,70.1500,32.9310,0.000436
TAP_TAPCELL_ROW_8_73,VGND,li1,44.3900,32.9310,0.000379
TAP_TAPCELL_ROW_8_72,VGND,li1,18.6300,32.9310,0.000171
TAP_TAPCELL_ROW_7_71,VGND,li1,57.2700,32.3480,0.000425
TAP_TAPCELL_ROW_7_70,VGND,li1,31.5100,32.3480,0.000267
TAP_TAPCELL_ROW_6_69,VGND,li1,70.1500,27.4910,0.000287
TAP_TAPCELL_ROW_6_68,VGND,li1,44.3900,27.4910,0.000202
TAP_TAPCELL_ROW_6_67,VGND,li1,18.6300,27.4910,0.000071
TAP_TAPCELL_ROW_5_66,VGND,li1,57.2700,26.9080,0.000252
TAP_TAPCELL_ROW_5_65,VGND,li1,31.5100,26.9080,0.000104
TAP_TAPCELL_ROW_4_64,VGND,li1,70.1500,22.0510,0.000100
TAP_TAPCELL_ROW_4_63,VGND,li1,44.3900,22.0510,0.000075
TAP_TAPCELL_ROW_4_62,VGND,li1,18.6300,22.0510,0.000029
TAP_TAPCELL_ROW_3_61,VGND,li1,57.2700,21.4680,0.000092
TAP_TAPCELL_ROW_3_60,VGND,li1,31.5100,21.4680,0.000042
TAP_TAPCELL_ROW_2_59,VGND,li1,70.1500,16.6110,0.000162
TAP_TAPCELL_ROW_2_58,VGND,li1,44.3900,16.6110,0.000119
TAP_TAPCELL_ROW_2_57,VGND,li1,18.6300,16.6110,0.000045
TAP_TAPCELL_ROW_1_56,VGND,li1,57.2700,16.0280,0.000148
TAP_TAPCELL_ROW_1_55,VGND,li1,31.5100,16.0280,0.000067
TAP_TAPCELL_ROW_0_54,VGND,li1,70.1500,11.1710,0.000056
TAP_TAPCELL_ROW_0_53,VGND,li1,57.2700,11.1710,0.000048
TAP_TAPCELL_ROW_0_52,VGND,li1,44.3900,11.1710,0.000036
TAP_TAPCELL_ROW_0_51,VGND,li1,31.5100,11.1710,0.000020
TAP_TAPCELL_ROW_0_50,VGND,li1,18.6300,11.1710,0.000013
PHY_EDGE_ROW_24_Left_49,VGND,li1,6.2100,76.1600,0.000108
PHY_EDGE_ROW_23_Left_48,VGND,li1,6.2100,76.1600,0.000108
PHY_EDGE_ROW_22_Left_47,VGND,li1,6.2100,70.7200,0.000146
PHY_EDGE_ROW_21_Left_46,VGND,li1,6.2100,70.7200,0.000146
PHY_EDGE_ROW_20_Left_45,VGND,li1,6.2100,65.2800,0.000154
PHY_EDGE_ROW_19_Left_44,VGND,li1,6.2100,65.2800,0.000154
PHY_EDGE_ROW_18_Left_43,VGND,li1,6.2100,59.8400,0.000240
PHY_EDGE_ROW_17_Left_42,VGND,li1,6.2100,59.8400,0.000240
PHY_EDGE_ROW_16_Left_41,VGND,li1,6.2100,54.4000,0.000103
PHY_EDGE_ROW_15_Left_40,VGND,li1,6.2100,54.4000,0.000103
PHY_EDGE_ROW_14_Left_39,VGND,li1,6.2100,48.9600,0.000099
PHY_EDGE_ROW_13_Left_38,VGND,li1,6.2100,48.9600,0.000099
PHY_EDGE_ROW_12_Left_37,VGND,li1,6.2100,43.5200,0.000168
PHY_EDGE_ROW_11_Left_36,VGND,li1,6.2100,43.5200,0.000168
PHY_EDGE_ROW_10_Left_35,VGND,li1,6.2100,38.0800,0.000142
PHY_EDGE_ROW_9_Left_34,VGND,li1,6.2100,38.0800,0.000142
PHY_EDGE_ROW_8_Left_33,VGND,li1,6.2100,32.6400,0.000172
PHY_EDGE_ROW_7_Left_32,VGND,li1,6.2100,32.6400,0.000172
PHY_EDGE_ROW_6_Left_31,VGND,li1,6.2100,27.2000,0.000071
PHY_EDGE_ROW_5_Left_30,VGND,li1,6.2100,27.2000,0.000071
PHY_EDGE_ROW_4_Left_29,VGND,li1,6.2100,21.7600,0.000029
PHY_EDGE_ROW_3_Left_28,VGND,li1,6.2100,21.7600,0.000029
PHY_EDGE_ROW_2_Left_27,VGND,li1,6.2100,16.3200,0.000045
PHY_EDGE_ROW_1_Left_26,VGND,li1,6.2100,16.3200,0.000045
PHY_EDGE_ROW_0_Left_25,VGND,li1,6.2100,10.8800,0.000013
PHY_EDGE_ROW_24_Right_24,VGND,li1,73.8300,76.1600,0.000247
PHY_EDGE_ROW_23_Right_23,VGND,li1,73.8300,76.1600,0.000247
PHY_EDGE_ROW_22_Right_22,VGND,li1,73.8300,70.7200,0.000332
PHY_EDGE_ROW_21_Right_21,VGND,li1,73.8300,70.7200,0.000332
PHY_EDGE_ROW_20_Right_20,VGND,li1,73.8300,65.2800,0.000286
PHY_EDGE_ROW_19_Right_19,VGND,li1,73.8300,65.2800,0.000286
PHY_EDGE_ROW_18_Right_18,VGND,li1,73.8300,59.8400,0.000443
PHY_EDGE_ROW_17_Right_17,VGND,li1,73.8300,59.8400,0.000443
PHY_EDGE_ROW_16_Right_16,VGND,li1,73.8300,54.4000,0.000253
PHY_EDGE_ROW_15_Right_15,VGND,li1,73.8300,54.4000,0.000253
PHY_EDGE_ROW_14_Right_14,VGND,li1,73.8300,48.9600,0.000269
PHY_EDGE_ROW_13_Right_13,VGND,li1,73.8300,48.9600,0.000269
PHY_EDGE_ROW_12_Right_12,VGND,li1,73.8300,43.5200,0.000349
PHY_EDGE_ROW_11_Right_11,VGND,li1,73.8300,43.5200,0.000349
PHY_EDGE_ROW_10_Right_10,VGND,li1,73.8300,38.0800,0.000309
PHY_EDGE_ROW_9_Right_9,VGND,li1,73.8300,38.0800,0.000309
PHY_EDGE_ROW_8_Right_8,VGND,li1,73.8300,32.6400,0.000436
PHY_EDGE_ROW_7_Right_7,VGND,li1,73.8300,32.6400,0.000436
PHY_EDGE_ROW_6_Right_6,VGND,li1,73.8300,27.2000,0.000289
PHY_EDGE_ROW_5_Right_5,VGND,li1,73.8300,27.2000,0.000289
PHY_EDGE_ROW_4_Right_4,VGND,li1,73.8300,21.7600,0.000101
PHY_EDGE_ROW_3_Right_3,VGND,li1,73.8300,21.7600,0.000101
PHY_EDGE_ROW_2_Right_2,VGND,li1,73.8300,16.3200,0.000162
PHY_EDGE_ROW_1_Right_1,VGND,li1,73.8300,16.3200,0.000162
PHY_EDGE_ROW_0_Right_0,VGND,li1,73.8300,10.8800,0.000056
_285_,VGND,li1,26.6800,32.6400,0.000169
_284_,VGND,li1,23.4600,43.5200,0.000147
_283_,VGND,li1,54.9700,27.2000,0.000243
_282_,VGND,li1,64.6300,27.2000,0.000278
_281_,VGND,li1,44.3900,27.2000,0.000202
_280_,VGND,li1,11.9600,38.0800,0.000142
_279_,VGND,li1,68.0800,27.2000,0.000285
_278_,VGND,li1,18.4000,38.0800,0.000137
_277_,VGND,li1,24.3800,38.0800,0.000123
_276_,VGND,li1,11.5000,43.5200,0.000167
_275_,VGND,li1,64.4000,16.3200,0.000159
_274_,VGND,li1,55.2000,16.3200,0.000144
_273_,VGND,li1,65.3200,10.8800,0.000055
_272_,VGND,li1,68.0800,16.3200,0.000162
_271_,VGND,li1,35.8800,21.7600,0.000055
_270_,VGND,li1,30.3600,16.3200,0.000067
_269_,VGND,li1,39.5600,16.3200,0.000104
_268_,VGND,li1,44.1600,16.3200,0.000119
_267_,VGND,li1,44.1600,70.7200,0.000247
_266_,VGND,li1,30.3600,70.7200,0.000161
_265_,VGND,li1,13.8000,70.7200,0.000146
_264_,VGND,li1,17.0200,70.7200,0.000142
_263_,VGND,li1,26.6800,70.7200,0.000120
_262_,VGND,li1,37.2600,65.2800,0.000181
_261_,VGND,li1,11.5000,65.2800,0.000149
_260_,VGND,li1,11.5000,59.8400,0.000235
_259_,VGND,li1,39.5600,70.7200,0.000222
_258_,VGND,li1,49.4500,43.5200,0.000305
_257_,VGND,li1,39.5600,27.2000,0.000163
_256_,VGND,li1,21.3900,54.4000,0.000101
_255_,VGND,li1,25.5300,54.4000,0.000094
_254_,VGND,li1,15.4100,59.8400,0.000227
_253_,VGND,li1,49.2200,54.4000,0.000201
_252_,VGND,li1,48.0700,59.8400,0.000390
_251_,VGND,li1,58.4200,54.4000,0.000232
_250_,VGND,li1,55.6600,43.5200,0.000323
_249_,VGND,li1,65.0900,59.8400,0.000435
_248_,VGND,li1,65.0900,65.2800,0.000278
_247_,VGND,li1,66.0100,70.7200,0.000326
_246_,VGND,li1,65.0900,70.7200,0.000326
_245_,VGND,li1,36.3400,54.4000,0.000152
_244_,VGND,li1,37.2600,48.9600,0.000154
_243_,VGND,li1,49.2200,38.0800,0.000275
_242_,VGND,li1,33.5800,38.0800,0.000198
_241_,VGND,li1,36.3400,38.0800,0.000217
_240_,VGND,li1,53.3600,70.7200,0.000288
_239_,VGND,li1,51.5200,70.7200,0.000280
_238_,VGND,li1,65.3200,38.0800,0.000309
_237_,VGND,li1,64.4000,38.0800,0.000309
_236_,VGND,li1,61.1800,32.6400,0.000430
_235_,VGND,li1,53.3600,32.6400,0.000422
_234_,VGND,li1,53.5900,27.2000,0.000243
_233_,VGND,li1,51.0600,32.6400,0.000419
_232_,VGND,li1,48.9900,27.2000,0.000223
_231_,VGND,li1,46.0000,32.6400,0.000379
_230_,VGND,li1,46.2300,27.2000,0.000211
_229_,VGND,li1,9.4300,43.5200,0.000168
_228_,VGND,li1,63.2500,32.6400,0.000432
_227_,VGND,li1,63.0200,32.6400,0.000432
_226_,VGND,li1,58.6500,27.2000,0.000259
_225_,VGND,li1,59.5700,21.7600,0.000095
_224_,VGND,li1,62.3300,21.7600,0.000098
_223_,VGND,li1,45.3100,21.7600,0.000075
_222_,VGND,li1,58.8800,32.6400,0.000428
_221_,VGND,li1,15.8700,32.6400,0.000172
_220_,VGND,li1,27.8300,38.0800,0.000144
_219_,VGND,li1,33.1200,43.5200,0.000207
_218_,VGND,li1,54.9700,16.3200,0.000144
_217_,VGND,li1,59.5700,16.3200,0.000152
_216_,VGND,li1,69.2300,21.7600,0.000100
_215_,VGND,li1,67.8500,21.7600,0.000100
_214_,VGND,li1,37.9500,21.7600,0.000062
_213_,VGND,li1,35.1900,16.3200,0.000088
_212_,VGND,li1,41.6300,10.8800,0.000033
_211_,VGND,li1,46.6900,16.3200,0.000125
_210_,VGND,li1,33.8100,70.7200,0.000185
_209_,VGND,li1,39.3300,65.2800,0.000196
_208_,VGND,li1,24.1500,76.1600,0.000106
_207_,VGND,li1,24.1500,65.2800,0.000108
_206_,VGND,li1,17.2500,76.1600,0.000108
_205_,VGND,li1,20.9300,76.1600,0.000107
_204_,VGND,li1,17.7100,59.8400,0.000218
_203_,VGND,li1,33.8100,76.1600,0.000149
_202_,VGND,li1,27.3700,76.1600,0.000117
_201_,VGND,li1,30.1300,59.8400,0.000238
_200_,VGND,li1,36.1100,65.2800,0.000181
_199_,VGND,li1,32.8900,65.2800,0.000158
_198_,VGND,li1,20.7000,65.2800,0.000122
_197_,VGND,li1,27.1400,65.2800,0.000128
_196_,VGND,li1,8.9700,70.7200,0.000146
_195_,VGND,li1,14.7200,65.2800,0.000140
_194_,VGND,li1,29.9000,65.2800,0.000144
_193_,VGND,li1,17.7100,65.2800,0.000135
_192_,VGND,li1,38.8700,76.1600,0.000182
_191_,VGND,li1,16.5600,54.4000,0.000103
_190_,VGND,li1,11.0400,70.7200,0.000146
_189_,VGND,li1,24.1500,65.2800,0.000108
_188_,VGND,li1,33.1200,59.8400,0.000255
_187_,VGND,li1,27.3700,59.8400,0.000211
_186_,VGND,li1,31.9700,59.8400,0.000255
_185_,VGND,li1,22.3100,59.8400,0.000201
_184_,VGND,li1,26.9100,48.9600,0.000093
_183_,VGND,li1,48.7600,65.2800,0.000232
_182_,VGND,li1,58.8800,59.8400,0.000420
_181_,VGND,li1,53.5900,59.8400,0.000405
_180_,VGND,li1,59.3400,54.4000,0.000232
_179_,VGND,li1,51.9800,54.4000,0.000211
_178_,VGND,li1,54.9700,48.9600,0.000231
_177_,VGND,li1,59.1100,48.9600,0.000246
_176_,VGND,li1,66.9300,59.8400,0.000438
_175_,VGND,li1,65.0900,54.4000,0.000246
_174_,VGND,li1,66.4700,65.2800,0.000278
_173_,VGND,li1,70.6100,59.8400,0.000441
_172_,VGND,li1,62.3300,65.2800,0.000271
_171_,VGND,li1,63.2500,59.8400,0.000431
_170_,VGND,li1,70.6100,65.2800,0.000284
_169_,VGND,li1,68.3100,54.4000,0.000249
_168_,VGND,li1,62.3300,54.4000,0.000242
_167_,VGND,li1,60.0300,48.9600,0.000246
_166_,VGND,li1,58.8800,59.8400,0.000420
_165_,VGND,li1,66.2400,48.9600,0.000263
_164_,VGND,li1,36.3400,48.9600,0.000154
_163_,VGND,li1,31.2800,48.9600,0.000120
_162_,VGND,li1,34.0400,48.9600,0.000140
_161_,VGND,li1,38.8700,48.9600,0.000166
_160_,VGND,li1,42.0900,43.5200,0.000283
_159_,VGND,li1,46.6900,38.0800,0.000266
_158_,VGND,li1,29.9000,43.5200,0.000186
_157_,VGND,li1,38.6400,43.5200,0.000269
_156_,VGND,li1,33.5800,43.5200,0.000207
_155_,VGND,li1,29.9000,38.0800,0.000169
_154_,VGND,li1,42.3200,32.6400,0.000366
_153_,VGND,li1,50.3700,76.1600,0.000210
_152_,VGND,li1,58.4200,76.1600,0.000227
_151_,VGND,li1,46.9200,70.7200,0.000259
_150_,VGND,li1,56.5800,70.7200,0.000299
_149_,VGND,li1,69.6900,43.5200,0.000348
_148_,VGND,li1,62.3300,48.9600,0.000256
_147_,VGND,li1,67.8500,43.5200,0.000347
_146_,VGND,li1,65.5500,43.5200,0.000342
_145_,VGND,li1,61.4100,43.5200,0.000336
_144_,VGND,li1,68.3100,48.9600,0.000266
_143_,VGND,li1,65.3200,48.9600,0.000259
_142_,VGND,li1,68.5400,48.9600,0.000266
_141_,VGND,li1,68.3100,76.1600,0.000247
_140_,VGND,li1,71.3000,48.9600,0.000267
_139_,VGND,li1,57.2700,48.9600,0.000240
_138_,VGND,li1,63.2500,48.9600,0.000256
_137_,VGND,li1,72.4500,43.5200,0.000349
_136_,VGND,li1,64.6300,54.4000,0.000246
_135_,VGND,li1,30.1300,65.2800,0.000144
_134_,VGND,li1,27.8300,54.4000,0.000109
_133_,VGND,li1,20.9300,65.2800,0.000122
_132_,VGND,li1,22.7700,32.6400,0.000170
_131_,VGND,li1,18.4000,43.5200,0.000155
_130_,VGND,li1,30.3600,43.5200,0.000186
_129_,VGND,li1,45.7700,43.5200,0.000296
_128_,VGND,li1,40.9400,48.9600,0.000175
_127_,VGND,li1,39.3300,38.0800,0.000234
_126_,VGND,li1,45.3100,38.0800,0.000257
_125_,VGND,li1,33.3500,59.8400,0.000255
_124_,VGND,li1,20.9300,70.7200,0.000136
_123_,VGND,li1,25.0700,59.8400,0.000189
_122_,VGND,li1,53.1300,21.7600,0.000087
_121_,VGND,li1,43.4700,32.6400,0.000366
_120_,VGND,li1,50.8300,27.2000,0.000231
_119_,VGND,li1,50.3700,43.5200,0.000310
_118_,VGND,li1,56.3500,54.4000,0.000225
